{
  "val_loss": 0.1546748247019281,
  "val_rmse": 12.098257064819336,
  "val_mae": 6.907846927642822
}